{
  "item-states": [
    {
      "folded": false,
      "id": "mount-assets"
    },
    {
      "folded": true,
      "id": "4a5de950-49a6-417c-9192-6c3a6a84bed5"
    },
    {
      "folded": false,
      "id": "b080463d-a989-4dfb-915b-fbe411b99060"
    },
    {
      "folded": false,
      "id": "43ab5dc6-ec38-41c2-af9e-fa610f7190dc"
    },
    {
      "folded": false,
      "id": "cfd17147-a43d-4f04-857d-5abb72ef218c"
    },
    {
      "folded": false,
      "id": "2309f8d9-28e8-44d6-9fa4-198596896827"
    },
    {
      "folded": true,
      "id": "3ebdda82-90df-4f97-b2a4-557ec1255483"
    },
    {
      "folded": true,
      "id": "6c4a7310-c9ce-4082-9b68-008fb4d32aba"
    },
    {
      "folded": true,
      "id": "1e99e23c-021a-4ca5-84f1-72d7afef0725"
    },
    {
      "folded": true,
      "id": "445292ee-e4e6-40a4-8b35-84944ffc4090"
    },
    {
      "folded": true,
      "id": "1ab5cba5-7402-4792-8e39-30b461844b71"
    },
    {
      "folded": true,
      "id": "1fc62124-ce32-4753-96ac-663e7fbc309e"
    },
    {
      "folded": true,
      "id": "ed33e292-4d84-453a-bf1b-3553a4880c13"
    },
    {
      "folded": true,
      "id": "cc5a9ab6-9db3-4939-8610-781742b55220"
    },
    {
      "folded": true,
      "id": "079e880e-ec55-4f38-9371-775b21a35dc3"
    },
    {
      "folded": true,
      "id": "0ed2e863-18c0-47ae-aba0-d75bc25b30ae"
    },
    {
      "folded": false,
      "id": "2b0774ad-6fe8-40f0-a3c3-791c8605341d"
    },
    {
      "folded": true,
      "id": "7512957d-abf0-486b-b4a8-fbdd427383b1"
    },
    {
      "folded": true,
      "id": "25ace31b-bec9-4eb1-beab-2848d0c7ce72"
    },
    {
      "folded": true,
      "id": "8b6e5b7b-aaff-4341-aeec-0fde489d07b9"
    },
    {
      "folded": true,
      "id": "9f8e31b9-3b70-43d8-b7ce-fb54886f5a00"
    },
    {
      "folded": true,
      "id": "d8f53991-1c30-4c8b-8586-4c50ea2eafb2"
    },
    {
      "folded": true,
      "id": "dcf88423-646e-4252-9383-b8cca9f43e5b"
    },
    {
      "folded": true,
      "id": "bd22b83a-0c58-4c62-84e0-e30c264f1cc8"
    },
    {
      "folded": true,
      "id": "a02abdbe-e52c-47e0-8265-9626a3c82478"
    },
    {
      "folded": true,
      "id": "d6091144-726a-49de-a770-1790a0869e42"
    },
    {
      "folded": true,
      "id": "767a0f8d-2e3b-43f4-ab58-d925c472e2e4"
    },
    {
      "folded": true,
      "id": "f5b81f10-0f19-480d-ad96-7d59ca1c7b69"
    },
    {
      "folded": true,
      "id": "6e13f10a-0d97-4211-b20b-5a176c73c7b9"
    },
    {
      "folded": true,
      "id": "8863d06d-1423-436e-bcab-9501b429f63d"
    },
    {
      "folded": true,
      "id": "feb784c8-7c93-46df-96da-01d89f15e791"
    },
    {
      "folded": true,
      "id": "31e6399b-08da-46f2-9f4e-c6d5178e2a6e"
    },
    {
      "folded": false,
      "id": "375deb47-6aa1-4dde-9a2d-1f2abc8dec41"
    },
    {
      "folded": true,
      "id": "4b19d7b7-8af1-4f0a-9b42-81d24736f834"
    },
    {
      "folded": true,
      "id": "41e8e9c6-efd6-414c-a72e-ecb802a1964d"
    },
    {
      "folded": true,
      "id": "f6794f26-e264-4b6a-8698-4b3270ea59c5"
    },
    {
      "folded": true,
      "id": "633ed588-f636-4857-98c2-a96cff618aec"
    },
    {
      "folded": true,
      "id": "204f9683-cadb-4232-9233-2b1fce6c132f"
    },
    {
      "folded": true,
      "id": "2acafdb1-d310-46a8-a1c1-9712735ff1db"
    },
    {
      "folded": true,
      "id": "a0395f4a-4d72-4f5b-bdfb-51d004f69ae6"
    },
    {
      "folded": true,
      "id": "5d852151-b017-4c04-85e4-ae1544bddaa2"
    },
    {
      "folded": true,
      "id": "f07e0309-2423-4a44-9dd2-2c044eb7994b"
    },
    {
      "folded": true,
      "id": "1acf1977-b629-4208-bc91-012a1e313d1c"
    },
    {
      "folded": true,
      "id": "b59fbf4e-2c36-4277-a36c-b093729e416c"
    },
    {
      "folded": true,
      "id": "4c408258-b4de-479c-95a3-814c8c752c61"
    },
    {
      "folded": true,
      "id": "d8b353de-5cc3-4aa1-b4da-996831b23058"
    },
    {
      "folded": true,
      "id": "2f0740ab-07be-48d4-9dc7-0ef4e11cdfc5"
    },
    {
      "folded": true,
      "id": "ca34b56d-2cd3-4e7b-8ca8-3eae7cac60e4"
    },
    {
      "folded": true,
      "id": "f300e1f0-3eb4-4f65-a779-223b0e129eac"
    },
    {
      "folded": true,
      "id": "7600434d-c4ca-4050-a403-4c89dfb2dae0"
    },
    {
      "folded": true,
      "id": "399dada4-a926-4b0b-94db-acd25272b6d9"
    },
    {
      "folded": true,
      "id": "dd8a3524-6d5a-4e5e-b4cc-99cb14ca58ab"
    },
    {
      "folded": true,
      "id": "f5f35137-64a3-4daf-9934-da9340f39c2c"
    },
    {
      "folded": true,
      "id": "e6410f51-ddbb-44e7-9213-7e441979c760"
    },
    {
      "folded": true,
      "id": "1e2eeaba-ac1c-4c87-90ee-47a4c71132a2"
    },
    {
      "folded": false,
      "id": "d90289f0-4130-49ea-beb8-9b94e8c3552e"
    },
    {
      "folded": true,
      "id": "295d16fa-22a5-43bf-949e-b68dc106ef36"
    },
    {
      "folded": true,
      "id": "f84953ea-f547-4126-b497-e88e86b9b620"
    },
    {
      "folded": true,
      "id": "ed6acb47-73a0-4eee-9443-7cc3dde42f2c"
    },
    {
      "folded": true,
      "id": "98ce2926-ed02-43d4-912c-3ee0c68ac001"
    },
    {
      "folded": true,
      "id": "d4057053-1a9f-4744-9fb8-18108cf28cb4"
    }
  ]
}