{
  "version": "1.1.1",
  "windows": {
    "main": {
      "main": true,
      "url": "app://editor/index.html",
      "windowType": "dockable",
      "x": -250,
      "y": 23,
      "width": 1297,
      "height": 737,
      "layout": {
        "children": [
          {
            "children": [
              {
                "active": 0,
                "children": [
                  "hierarchy"
                ],
                "height": 303.66668701171875,
                "type": "panel",
                "width": 204
              },
              {
                "active": 0,
                "children": [
                  "assets"
                ],
                "height": 303.66668701171875,
                "type": "panel",
                "width": 204
              }
            ],
            "height": 610.3333740234375,
            "type": "dock-v",
            "width": 204
          },
          {
            "children": [
              {
                "active": 0,
                "children": [
                  "scene"
                ],
                "height": 303.66668701171875,
                "type": "panel",
                "width": 555
              },
              {
                "active": 0,
                "children": [
                  "console",
                  "timeline"
                ],
                "height": 303.66668701171875,
                "type": "panel",
                "width": 555
              }
            ],
            "height": 610.3333740234375,
            "type": "dock-v",
            "width": 555
          },
          {
            "active": 0,
            "children": [
              "inspector"
            ],
            "height": 610.3333740234375,
            "type": "panel",
            "width": 304
          },
          {
            "active": 0,
            "children": [
              "node-library"
            ],
            "height": 610.3333740234375,
            "type": "panel",
            "width": 204
          }
        ],
        "type": "dock-h"
      },
      "panels": [
        "console",
        "inspector",
        "node-library",
        "hierarchy",
        "assets",
        "scene",
        "timeline"
      ]
    }
  },
  "panels": {
    "assets": {
      "x": 72,
      "y": 310,
      "width": 222,
      "height": 442
    },
    "sprite-editor": {
      "x": 574,
      "y": 98,
      "width": 518,
      "height": 540
    },
    "builder": {
      "x": 648,
      "y": 0,
      "width": 518,
      "height": 722
    },
    "project-settings": {
      "x": 318,
      "y": 84,
      "width": 602,
      "height": 564
    },
    "package-asset.import": {
      "x": 406,
      "y": 74,
      "width": 470,
      "height": 575
    }
  }
}