{
  "f8e6b000-5643-4b86-9080-aa680ce1f599": {
    "asset": 1561620702660,
    "meta": 1514383364000,
    "relativePath": "image"
  },
  "e851e89b-faa2-4484-bea6-5c01dd9f06e2": {
    "asset": 1514383364000,
    "meta": 1562073840776,
    "relativePath": "image\\default_btn_normal.png"
  },
  "71561142-4c83-4933-afca-cb7a17f67053": {
    "asset": 1514383364000,
    "meta": 1562073840780,
    "relativePath": "image\\default_btn_disabled.png"
  },
  "b43ff3c2-02bb-4874-81f7-f2dea6970f18": {
    "asset": 1514383364000,
    "meta": 1562073840790,
    "relativePath": "image\\default_btn_pressed.png"
  },
  "d81ec8ad-247c-4e62-aa3c-d35c4193c7af": {
    "asset": 1514383364000,
    "meta": 1562073840792,
    "relativePath": "image\\default_panel.png"
  },
  "99170b0b-d210-46f1-b213-7d9e3f23098a": {
    "asset": 1514383364000,
    "meta": 1562073840794,
    "relativePath": "image\\default_progressbar_bg.png"
  },
  "cfef78f1-c8df-49b7-8ed0-4c953ace2621": {
    "asset": 1514383364000,
    "meta": 1562073840800,
    "relativePath": "image\\default_progressbar.png"
  },
  "567dcd80-8bf4-4535-8a5a-313f1caf078a": {
    "asset": 1514383364000,
    "meta": 1562073840800,
    "relativePath": "image\\default_radio_button_off.png"
  },
  "9d60001f-b5f4-4726-a629-2659e3ded0b8": {
    "asset": 1514383364000,
    "meta": 1562073840800,
    "relativePath": "image\\default_radio_button_on.png"
  },
  "4bab67cb-18e6-4099-b840-355f0473f890": {
    "asset": 1514383364000,
    "meta": 1562073840816,
    "relativePath": "image\\default_scrollbar_bg.png"
  },
  "617323dd-11f4-4dd3-8eec-0caf6b3b45b9": {
    "asset": 1514383364000,
    "meta": 1562073840816,
    "relativePath": "image\\default_scrollbar_vertical_bg.png"
  },
  "d6d3ca85-4681-47c1-b5dd-d036a9d39ea2": {
    "asset": 1514383364000,
    "meta": 1562073840831,
    "relativePath": "image\\default_scrollbar_vertical.png"
  },
  "0291c134-b3da-4098-b7b5-e397edbe947f": {
    "asset": 1514383364000,
    "meta": 1562073840831,
    "relativePath": "image\\default_scrollbar.png"
  },
  "0275e94c-56a7-410f-bd1a-fc7483f7d14a": {
    "asset": 1514383364000,
    "meta": 1562073840831,
    "relativePath": "image\\default_sprite_splash.png"
  },
  "6e056173-d285-473c-b206-40a7fff5386e": {
    "asset": 1514383364000,
    "meta": 1562073840847,
    "relativePath": "image\\default_sprite.png"
  },
  "73a0903d-d80e-4e3c-aa67-f999543c08f5": {
    "asset": 1514383364000,
    "meta": 1562073840847,
    "relativePath": "image\\default_toggle_checkmark.png"
  },
  "c25b9d50-c8fc-4d27-beeb-6e7c1f2e5c0f": {
    "asset": 1514383364000,
    "meta": 1562073840847,
    "relativePath": "image\\default_toggle_disabled.png"
  },
  "d29077ba-1627-4a72-9579-7b56a235340c": {
    "asset": 1514383364000,
    "meta": 1562073840863,
    "relativePath": "image\\default_toggle_normal.png"
  },
  "b181c1e4-0a72-4a91-bfb0-ae6f36ca60bd": {
    "asset": 1514383364000,
    "meta": 1562073840863,
    "relativePath": "image\\default_toggle_pressed.png"
  },
  "fc09f9bd-2cce-4605-b630-8145ef809ed6": {
    "asset": 1561620657502,
    "meta": 1514383364000,
    "relativePath": "misc"
  },
  "2be36297-9abb-4fee-8049-9ed5e271da8a": {
    "asset": 1514383364000,
    "meta": 1514383364000,
    "relativePath": "misc\\default_video.mp4"
  },
  "f6e6dd15-71d1-4ffe-ace7-24fd39942c05": {
    "asset": 1561620666866,
    "meta": 1514383364000,
    "relativePath": "obsolete"
  },
  "b8223619-7e38-47c4-841f-9160c232495a": {
    "asset": 1514383364000,
    "meta": 1514383364000,
    "relativePath": "obsolete\\atom.plist"
  },
  "f743d2b6-b7ea-4c14-a55b-547ed4d0a045": {
    "asset": 1561620657528,
    "meta": 1514383364000,
    "relativePath": "particle"
  },
  "b2687ac4-099e-403c-a192-ff477686f4f5": {
    "asset": 1514383364000,
    "meta": 1514383364000,
    "relativePath": "particle\\atom.plist"
  },
  "ae6c6c98-11e4-452f-8758-75f5c6a56e83": {
    "asset": 1561620708358,
    "meta": 1514383364000,
    "relativePath": "prefab"
  },
  "2c937608-2562-40ea-b264-7395df6f0cea": {
    "asset": 1514383364000,
    "meta": 1562073840863,
    "relativePath": "prefab\\canvas.prefab"
  },
  "972b9a4d-47ee-4c74-b5c3-61d8a69bc29f": {
    "asset": 1514383364000,
    "meta": 1562073840863,
    "relativePath": "prefab\\button.prefab"
  },
  "61aeb05b-3b32-452b-8eed-2b76deeed554": {
    "asset": 1514383364000,
    "meta": 1562073840878,
    "relativePath": "prefab\\editbox.prefab"
  },
  "27756ebb-3d33-44b0-9b96-e858fadd4dd4": {
    "asset": 1514383364000,
    "meta": 1562073840878,
    "relativePath": "prefab\\label.prefab"
  },
  "ca8401fe-ad6e-41a8-bd46-8e3e4e9945be": {
    "asset": 1514383364000,
    "meta": 1562073840894,
    "relativePath": "prefab\\pageview.prefab"
  },
  "785a442c-3ceb-45be-a46e-7317f625f3b9": {
    "asset": 1514383364000,
    "meta": 1562073840894,
    "relativePath": "prefab\\layout.prefab"
  },
  "5965ffac-69da-4b55-bcde-9225d0613c28": {
    "asset": 1514383364000,
    "meta": 1562073840900,
    "relativePath": "prefab\\progressBar.prefab"
  },
  "cd33edea-55f5-46c2-958d-357a01384a36": {
    "asset": 1514383364000,
    "meta": 1562073840900,
    "relativePath": "prefab\\particlesystem.prefab"
  },
  "4a37dd57-78cd-4cec-aad4-f11a73d12b63": {
    "asset": 1514383364000,
    "meta": 1562073840900,
    "relativePath": "prefab\\richtext.prefab"
  },
  "32044bd2-481f-4cf1-a656-e2b2fb1594eb": {
    "asset": 1514383364000,
    "meta": 1562073840900,
    "relativePath": "prefab\\scrollview.prefab"
  },
  "1f55e3be-b89b-4b79-88de-47fd31018044": {
    "asset": 1514383364000,
    "meta": 1562073840916,
    "relativePath": "prefab\\sprite_splash.prefab"
  },
  "0004d1cf-a0ad-47d8-ab17-34d3db9d35a3": {
    "asset": 1514383364000,
    "meta": 1562073840916,
    "relativePath": "prefab\\slider.prefab"
  },
  "96083d03-c332-4a3f-9386-d03e2d19e8ee": {
    "asset": 1514383364000,
    "meta": 1562073840916,
    "relativePath": "prefab\\sprite.prefab"
  },
  "7de03a80-4457-438d-95a7-3e7cdffd6086": {
    "asset": 1514383364000,
    "meta": 1562073840932,
    "relativePath": "prefab\\tiledmap.prefab"
  },
  "bf0a434c-84dd-4a8e-a08a-7a36f180cc75": {
    "asset": 1514383364000,
    "meta": 1562073840932,
    "relativePath": "prefab\\toggleGroup.prefab"
  },
  "0d784963-d024-4ea6-a7db-03be0ad63010": {
    "asset": 1514383364000,
    "meta": 1562073840932,
    "relativePath": "prefab\\toggle.prefab"
  },
  "8c5001fd-07ee-4a4b-a8a0-63e15195e94d": {
    "asset": 1514383364000,
    "meta": 1562073840932,
    "relativePath": "prefab\\webview.prefab"
  },
  "232d2782-c4bd-4bb4-9e01-909f03d6d3b9": {
    "asset": 1514383364000,
    "meta": 1562073840932,
    "relativePath": "prefab\\videoplayer.prefab"
  },
  "4a5de950-49a6-417c-9192-6c3a6a84bed5": {
    "asset": 1562035596644,
    "meta": 1561776313702,
    "relativePath": "res"
  },
  "43ab5dc6-ec38-41c2-af9e-fa610f7190dc": {
    "asset": 1562068775761,
    "meta": 1561776343305,
    "relativePath": "scenes"
  },
  "cfd17147-a43d-4f04-857d-5abb72ef218c": {
    "asset": 1562080968909,
    "meta": 1561776369642,
    "relativePath": "scripts"
  },
  "6e13f10a-0d97-4211-b20b-5a176c73c7b9": {
    "asset": 1561450439555,
    "meta": 1561776409397,
    "relativePath": "res\\arrow_1.png"
  },
  "8863d06d-1423-436e-bcab-9501b429f63d": {
    "asset": 1561450456484,
    "meta": 1561776409402,
    "relativePath": "res\\arrow_2.png"
  },
  "767a0f8d-2e3b-43f4-ab58-d925c472e2e4": {
    "asset": 1561450446110,
    "meta": 1561776409415,
    "relativePath": "res\\arrow_3.png"
  },
  "dcf88423-646e-4252-9383-b8cca9f43e5b": {
    "asset": 1561450431877,
    "meta": 1561776409420,
    "relativePath": "res\\arrow_4.png"
  },
  "d6091144-726a-49de-a770-1790a0869e42": {
    "asset": 1561450551148,
    "meta": 1561776409433,
    "relativePath": "res\\arrow_5.png"
  },
  "a02abdbe-e52c-47e0-8265-9626a3c82478": {
    "asset": 1561450570488,
    "meta": 1561776409438,
    "relativePath": "res\\arrow_6.png"
  },
  "f5b81f10-0f19-480d-ad96-7d59ca1c7b69": {
    "asset": 1561450577282,
    "meta": 1561776409451,
    "relativePath": "res\\arrow_7.png"
  },
  "445292ee-e4e6-40a4-8b35-84944ffc4090": {
    "asset": 1561450840751,
    "meta": 1561776409456,
    "relativePath": "res\\boom.png"
  },
  "2f0740ab-07be-48d4-9dc7-0ef4e11cdfc5": {
    "asset": 1560841741112,
    "meta": 1561776409469,
    "relativePath": "res\\explosion1.png"
  },
  "079e880e-ec55-4f38-9371-775b21a35dc3": {
    "asset": 1561776059984,
    "meta": 1561776409473,
    "relativePath": "res\\death.png"
  },
  "1e2eeaba-ac1c-4c87-90ee-47a4c71132a2": {
    "asset": 1560841741113,
    "meta": 1561776409481,
    "relativePath": "res\\explosion10.png"
  },
  "e6410f51-ddbb-44e7-9213-7e441979c760": {
    "asset": 1560841741114,
    "meta": 1561776409485,
    "relativePath": "res\\explosion11.png"
  },
  "f5f35137-64a3-4daf-9934-da9340f39c2c": {
    "asset": 1560841741115,
    "meta": 1561776409495,
    "relativePath": "res\\explosion12.png"
  },
  "dd8a3524-6d5a-4e5e-b4cc-99cb14ca58ab": {
    "asset": 1560841741116,
    "meta": 1561776409499,
    "relativePath": "res\\explosion13.png"
  },
  "399dada4-a926-4b0b-94db-acd25272b6d9": {
    "asset": 1560841741116,
    "meta": 1561776409508,
    "relativePath": "res\\explosion14.png"
  },
  "d4057053-1a9f-4744-9fb8-18108cf28cb4": {
    "asset": 1560841741117,
    "meta": 1561776409511,
    "relativePath": "res\\explosion15.png"
  },
  "98ce2926-ed02-43d4-912c-3ee0c68ac001": {
    "asset": 1560841741118,
    "meta": 1561776409520,
    "relativePath": "res\\explosion16.png"
  },
  "ed6acb47-73a0-4eee-9443-7cc3dde42f2c": {
    "asset": 1560841741118,
    "meta": 1561776409521,
    "relativePath": "res\\explosion17.png"
  },
  "f84953ea-f547-4126-b497-e88e86b9b620": {
    "asset": 1560841741119,
    "meta": 1561776409531,
    "relativePath": "res\\explosion18.png"
  },
  "295d16fa-22a5-43bf-949e-b68dc106ef36": {
    "asset": 1560841741120,
    "meta": 1561776409534,
    "relativePath": "res\\explosion19.png"
  },
  "d8b353de-5cc3-4aa1-b4da-996831b23058": {
    "asset": 1560841741120,
    "meta": 1561776409546,
    "relativePath": "res\\explosion2.png"
  },
  "f300e1f0-3eb4-4f65-a779-223b0e129eac": {
    "asset": 1560841741121,
    "meta": 1561776409548,
    "relativePath": "res\\explosion3.png"
  },
  "b59fbf4e-2c36-4277-a36c-b093729e416c": {
    "asset": 1560841741122,
    "meta": 1561776409559,
    "relativePath": "res\\explosion4.png"
  },
  "1acf1977-b629-4208-bc91-012a1e313d1c": {
    "asset": 1560841741122,
    "meta": 1561776409560,
    "relativePath": "res\\explosion5.png"
  },
  "f07e0309-2423-4a44-9dd2-2c044eb7994b": {
    "asset": 1560841741123,
    "meta": 1561776409571,
    "relativePath": "res\\explosion6.png"
  },
  "5d852151-b017-4c04-85e4-ae1544bddaa2": {
    "asset": 1560841741124,
    "meta": 1561776409574,
    "relativePath": "res\\explosion7.png"
  },
  "a0395f4a-4d72-4f5b-bdfb-51d004f69ae6": {
    "asset": 1560841741124,
    "meta": 1561776409584,
    "relativePath": "res\\explosion8.png"
  },
  "7600434d-c4ca-4050-a403-4c89dfb2dae0": {
    "asset": 1560841741125,
    "meta": 1561776409588,
    "relativePath": "res\\explosion9.png"
  },
  "3ebdda82-90df-4f97-b2a4-557ec1255483": {
    "asset": 1561776082810,
    "meta": 1561776409605,
    "relativePath": "res\\RIP.png"
  },
  "1fc62124-ce32-4753-96ac-663e7fbc309e": {
    "asset": 1561450809987,
    "meta": 1561776409616,
    "relativePath": "res\\sun_1.png"
  },
  "7512957d-abf0-486b-b4a8-fbdd427383b1": {
    "asset": 1561450795433,
    "meta": 1561776409618,
    "relativePath": "res\\sun_2.png"
  },
  "2309f8d9-28e8-44d6-9fa4-198596896827": {
    "asset": 1561776874677,
    "meta": 1561776897163,
    "relativePath": "res\\bg.jpg"
  },
  "25ace31b-bec9-4eb1-beab-2848d0c7ce72": {
    "asset": 1561777251119,
    "meta": 1561777335720,
    "relativePath": "res\\Begin.png"
  },
  "2b0774ad-6fe8-40f0-a3c3-791c8605341d": {
    "asset": 1561777524738,
    "meta": 1561777547367,
    "relativePath": "res\\press.png"
  },
  "5318999c-d541-4df9-8cde-4b5c5ada5335": {
    "asset": 1562085579609,
    "meta": 1562085579641,
    "relativePath": "scenes\\startScene.fire"
  },
  "b0c46d4b-515b-4d9d-94c7-bc28fc167e2e": {
    "asset": 1561784389644,
    "meta": 1561784393944,
    "relativePath": "scripts\\game_ctrl\\BackMenu.js"
  },
  "1ab5cba5-7402-4792-8e39-30b461844b71": {
    "asset": 1561789999299,
    "meta": 1561790021058,
    "relativePath": "res\\name.png"
  },
  "0ed2e863-18c0-47ae-aba0-d75bc25b30ae": {
    "asset": 1561858236791,
    "meta": 1561858259560,
    "relativePath": "res\\arrow.png"
  },
  "9f8e31b9-3b70-43d8-b7ce-fb54886f5a00": {
    "asset": 1561961199344,
    "meta": 1561961215569,
    "relativePath": "res\\slider.png"
  },
  "b080463d-a989-4dfb-915b-fbe411b99060": {
    "asset": 1562057799466,
    "meta": 1561962709512,
    "relativePath": "music"
  },
  "6d77cb20-3151-4f24-95ac-f5fecbe015e5": {
    "asset": 1562085301459,
    "meta": 1562085301481,
    "relativePath": "scenes\\weapon_choose.fire"
  },
  "feb784c8-7c93-46df-96da-01d89f15e791": {
    "asset": 1561963492568,
    "meta": 1561963512326,
    "relativePath": "res\\weaponbg.png"
  },
  "ca34b56d-2cd3-4e7b-8ca8-3eae7cac60e4": {
    "asset": 1561964041870,
    "meta": 1561964058124,
    "relativePath": "res\\letsweapon.png"
  },
  "bd22b83a-0c58-4c62-84e0-e30c264f1cc8": {
    "asset": 1561964468945,
    "meta": 1561964485676,
    "relativePath": "res\\comfirm.png"
  },
  "6c4a7310-c9ce-4082-9b68-008fb4d32aba": {
    "asset": 1561966143511,
    "meta": 1561966158052,
    "relativePath": "res\\yes.png"
  },
  "cb5d099b-623c-41fa-af73-113dc138d4c2": {
    "asset": 1561976205109,
    "meta": 1561976206280,
    "relativePath": "scripts\\Sprite\\invisible.js"
  },
  "f92ee1d7-1cc4-40cd-b5b6-b032e11b8050": {
    "asset": 1562074987084,
    "meta": 1562074987107,
    "relativePath": "scenes\\play_scene_2.fire"
  },
  "8b6e5b7b-aaff-4341-aeec-0fde489d07b9": {
    "asset": 1561797511902,
    "meta": 1561984318290,
    "relativePath": "res\\person.png"
  },
  "f8fc3a4c-73fd-435e-ab3c-1abcb84e2b93": {
    "asset": 1562077763836,
    "meta": 1562077763868,
    "relativePath": "scenes\\play_scene_3.fire"
  },
  "41e8e9c6-efd6-414c-a72e-ecb802a1964d": {
    "asset": 1561984863829,
    "meta": 1561985298971,
    "relativePath": "res\\arrow_2_1.png"
  },
  "633ed588-f636-4857-98c2-a96cff618aec": {
    "asset": 1561984952083,
    "meta": 1561985298976,
    "relativePath": "res\\arrow_2_2.png"
  },
  "31e6399b-08da-46f2-9f4e-c6d5178e2a6e": {
    "asset": 1561985154780,
    "meta": 1561985299000,
    "relativePath": "res\\arrow_3_1.png"
  },
  "2acafdb1-d310-46a8-a1c1-9712735ff1db": {
    "asset": 1561985062508,
    "meta": 1561985299000,
    "relativePath": "res\\arrow_3_2.png"
  },
  "4b19d7b7-8af1-4f0a-9b42-81d24736f834": {
    "asset": 1561985317321,
    "meta": 1561985874225,
    "relativePath": "res\\arrow_4_2.png"
  },
  "f6794f26-e264-4b6a-8698-4b3270ea59c5": {
    "asset": 1561985319317,
    "meta": 1561985874229,
    "relativePath": "res\\arrow_4_1.png"
  },
  "204f9683-cadb-4232-9233-2b1fce6c132f": {
    "asset": 1561988018383,
    "meta": 1561988126339,
    "relativePath": "res\\game_back.jpg"
  },
  "aaec3c01-def3-4ec6-abe0-067e9db43670": {
    "asset": 1561998763626,
    "meta": 1561998765159,
    "relativePath": "scripts\\game_ctrl\\Hit_Start.js"
  },
  "39e78e20-0c58-48d5-9823-99a17604710b": {
    "asset": 1562034037920,
    "meta": 1562034120349,
    "relativePath": "music\\BGM.mp3"
  },
  "1e99e23c-021a-4ca5-84f1-72d7afef0725": {
    "asset": 1562035524401,
    "meta": 1562035596776,
    "relativePath": "res\\mute.png"
  },
  "ed33e292-4d84-453a-bf1b-3553a4880c13": {
    "asset": 1562035567242,
    "meta": 1562035596780,
    "relativePath": "res\\music.png"
  },
  "75a6f403-1890-4fa6-9fd4-2809c200c959": {
    "asset": 1562036190000,
    "meta": 1562038768715,
    "relativePath": "music\\flysound.mp3"
  },
  "e26c3350-bc6c-44a7-859b-e0f21d75a442": {
    "asset": 1562050341122,
    "meta": 1562050342396,
    "relativePath": "scripts\\game_ctrl\\Fly.js"
  },
  "aa8fa9aa-bd5a-47be-ab1d-69e7d000228b": {
    "asset": 1562036526000,
    "meta": 1562051765698,
    "relativePath": "music\\play_music.mp3"
  },
  "91dc836c-bf71-4995-8357-6f4079c39504": {
    "asset": 1562055741787,
    "meta": 1562055743188,
    "relativePath": "scripts\\trash\\music_ctrl.js"
  },
  "508e013c-409a-4f2a-b4d6-a6731e083a36": {
    "asset": 1562055984942,
    "meta": 1562055985886,
    "relativePath": "scripts\\game_ctrl\\Start.js"
  },
  "2158f668-e6c4-433e-a8da-108f1174d167": {
    "asset": 1562057495501,
    "meta": 1562057498213,
    "relativePath": "scripts\\Sprite\\god.js"
  },
  "25a93e23-fd89-4227-9196-61cfec07d3a4": {
    "asset": 1562035954000,
    "meta": 1562057799462,
    "relativePath": "music\\sunfall.mp3"
  },
  "675cdf8d-e07c-46fa-9c10-77139749c806": {
    "asset": 1562036166000,
    "meta": 1562057799466,
    "relativePath": "music\\weapon.mp3"
  },
  "74f8cc95-a184-4fdf-9953-9c39672755ac": {
    "asset": 1562061459517,
    "meta": 1562061460405,
    "relativePath": "scripts\\trash\\Sun.js"
  },
  "61a6a8e8-d576-4c43-9c1e-2e6116b50393": {
    "asset": 1562061771467,
    "meta": 1562061858711,
    "relativePath": "scripts\\Common.js"
  },
  "4c6b47f3-d20b-4f2d-a081-f4cd04b80fbf": {
    "asset": 1562077234204,
    "meta": 1562077773445,
    "relativePath": "scripts\\trash\\SunFor3.js"
  },
  "0859875f-d43b-4281-8cff-135d07446d09": {
    "asset": 1562076595779,
    "meta": 1562076595804,
    "relativePath": "scenes\\play_scene.fire"
  },
  "8dd818e1-57f2-4c89-b98d-8a1fd1965f66": {
    "asset": 1562075248781,
    "meta": 1562075251378,
    "relativePath": "scripts\\Sprite\\playerInfo.js"
  },
  "375deb47-6aa1-4dde-9a2d-1f2abc8dec41": {
    "asset": 1562085216477,
    "meta": 1562076790590,
    "relativePath": "scripts\\game_ctrl"
  },
  "d8f53991-1c30-4c8b-8586-4c50ea2eafb2": {
    "asset": 1562141586839,
    "meta": 1562076816904,
    "relativePath": "scripts\\Sprite"
  },
  "4c408258-b4de-479c-95a3-814c8c752c61": {
    "asset": 1562077526555,
    "meta": 1562077270893,
    "relativePath": "scripts\\Sun_Root_3"
  },
  "d90289f0-4130-49ea-beb8-9b94e8c3552e": {
    "asset": 1562082472018,
    "meta": 1562077371973,
    "relativePath": "scripts\\Sun_Root_12"
  },
  "05ac8989-256c-40d1-b7ea-503ad2ed0193": {
    "asset": 1562077460738,
    "meta": 1562077526707,
    "relativePath": "scripts\\Sun_Root_3\\Sun13.js"
  },
  "bb3632fb-1081-47cf-8fda-bb93d29512ac": {
    "asset": 1562077460694,
    "meta": 1562077526737,
    "relativePath": "scripts\\Sun_Root_3\\Sun23.js"
  },
  "beb7cbf0-c54f-4e80-bdb9-2cfd27b719b1": {
    "asset": 1562077460725,
    "meta": 1562077526768,
    "relativePath": "scripts\\Sun_Root_3\\Sun33.js"
  },
  "aaa78167-d455-44b0-a80a-c59ee5d4ba76": {
    "asset": 1562077460678,
    "meta": 1562077526788,
    "relativePath": "scripts\\Sun_Root_3\\Sun43.js"
  },
  "e0dc78e5-2fbc-4fdf-b527-66e148e228d2": {
    "asset": 1562077460706,
    "meta": 1562077526832,
    "relativePath": "scripts\\Sun_Root_3\\Sun53.js"
  },
  "88530888-8d9c-4c25-a923-335c7df7fef7": {
    "asset": 1562077460773,
    "meta": 1562077526866,
    "relativePath": "scripts\\Sun_Root_3\\Sun63.js"
  },
  "dd674d92-db06-450c-baca-64839779631e": {
    "asset": 1562077460789,
    "meta": 1562077526916,
    "relativePath": "scripts\\Sun_Root_3\\Sun73.js"
  },
  "debb1898-fe34-4eaf-9063-e49c13f37ffd": {
    "asset": 1562077460748,
    "meta": 1562077526943,
    "relativePath": "scripts\\Sun_Root_3\\Sun83.js"
  },
  "b51f6d23-226d-4865-8b32-c836004dee19": {
    "asset": 1562077460761,
    "meta": 1562077526957,
    "relativePath": "scripts\\Sun_Root_3\\Sun93.js"
  },
  "cf3a5335-5cc7-42d1-b93a-35fc76da996d": {
    "asset": 1562077234231,
    "meta": 1562077773205,
    "relativePath": "scripts\\Sun_Root_12\\Sun2.js"
  },
  "dec9f4b3-8fd1-4243-9017-6f93e42a929a": {
    "asset": 1562077234217,
    "meta": 1562077773236,
    "relativePath": "scripts\\Sun_Root_12\\Sun3.js"
  },
  "bdefdd97-99ac-4c9f-ae44-60b2e7394c68": {
    "asset": 1562075717737,
    "meta": 1562077773252,
    "relativePath": "scripts\\Sun_Root_12\\Sun4.js"
  },
  "191bcee9-25fb-433a-a69d-ee01f24d4f76": {
    "asset": 1562075717799,
    "meta": 1562077773314,
    "relativePath": "scripts\\Sun_Root_12\\Sun5.js"
  },
  "0dfb4613-1109-4872-ad61-6483a77290e5": {
    "asset": 1562075717781,
    "meta": 1562077773374,
    "relativePath": "scripts\\Sun_Root_12\\Sun6.js"
  },
  "c538b427-bfba-489d-9322-b7978f6fb45b": {
    "asset": 1562075717746,
    "meta": 1562077773399,
    "relativePath": "scripts\\Sun_Root_12\\Sun7.js"
  },
  "d8f59515-92b1-4424-be4e-cc4fe4dafb7f": {
    "asset": 1562075717764,
    "meta": 1562077773430,
    "relativePath": "scripts\\Sun_Root_12\\Sun8.js"
  },
  "ed7dd8af-f1d0-434a-88be-e39006112a42": {
    "asset": 1562077234194,
    "meta": 1562077773445,
    "relativePath": "scripts\\Sun_Root_12\\Sun9.js"
  },
  "cc5a9ab6-9db3-4939-8610-781742b55220": {
    "asset": 1562080968909,
    "meta": 1562080957214,
    "relativePath": "scripts\\trash"
  },
  "b0e631d0-9f12-4dbe-b32c-98b5a5f33d7e": {
    "asset": 1562081360243,
    "meta": 1562081361297,
    "relativePath": "scripts\\game_ctrl\\draw.js"
  },
  "1d36c4fc-dd46-409e-ae9b-6941630eae97": {
    "asset": 1562082472003,
    "meta": 1562085097286,
    "relativePath": "scripts\\Sun_Root_12\\Sun1.js"
  },
  "96aff834-c25d-4bab-99fd-d630401205b1": {
    "asset": 1562085216473,
    "meta": 1562085221299,
    "relativePath": "scripts\\game_ctrl\\weaponChoose.js"
  },
  "4e0a6414-be0e-4bf0-9367-3c9a48cc8016": {
    "asset": 1562141586832,
    "meta": 1562141588609,
    "relativePath": "scripts\\Sprite\\Arrow.js"
  }
}