{
  "appKey": "",
  "appSecret": "",
  "encryptJs": true,
  "excludeScenes": [],
  "includeAnySDK": false,
  "includeSDKBox": false,
  "inlineSpriteFrames": true,
  "inlineSpriteFrames_native": true,
  "jailbreakPlatform": false,
  "md5Cache": false,
  "mergeStartScene": false,
  "oauthLoginServer": "",
  "optimizeHotUpdate": false,
  "orientation": {
    "landscapeLeft": true,
    "landscapeRight": true,
    "portrait": false,
    "upsideDown": false
  },
  "packageName": "org.cocos2d.game",
  "privateKey": "",
  "renderMode": "0",
  "startScene": "5318999c-d541-4df9-8cde-4b5c5ada5335",
  "title": "houyi_V",
  "webOrientation": "auto",
  "wechatgame": {
    "appid": "wx27a28f81f7ef7d3a",
    "orientation": "landscape"
  },
  "xxteaKey": "e42f5c92-648a-45"
}